{ 
    "_id" : "n3xLSwnw5QQGKai25", 
    "name" : "Sao Paulo", 
    "country" : "6vsFMcebEwSQ5cxqs", 
    "profile" : {
        "small" : true, 
        "town" : false, 
        "beach" : true, 
        "large" : true, 
        "campus" : true, 
        "bicycle" : false, 
        "sports" : false, 
        "snow" : false, 
        "sunny" : true, 
        "glamour" : false, 
        "outdoors" : false, 
        "academic" : false, 
        "countryside" : true, 
        "mountain" : true, 
        "minimum_wage" : "https://viva.info", 
        "current_time" : "http://colin.org", 
        "cosft_of_life" : "https://bailee.name", 
        "wheather" : "https://vivienne.org", 
        "youtube" : "http://zoie.net"
    }
}
{ 
    "_id" : "JRH7FonijK8eokwur", 
    "name" : "Belo Horizonte", 
    "country" : "6vsFMcebEwSQ5cxqs", 
    "profile" : {
        "small" : false, 
        "town" : false, 
        "beach" : true, 
        "large" : true, 
        "campus" : false, 
        "bicycle" : false, 
        "sports" : true, 
        "snow" : true, 
        "sunny" : false, 
        "glamour" : true, 
        "outdoors" : true, 
        "academic" : true, 
        "countryside" : false, 
        "mountain" : false, 
        "minimum_wage" : "http://gracie.com", 
        "current_time" : "http://sherman.name", 
        "cosft_of_life" : "https://cielo.net", 
        "wheather" : "http://maximillia.name", 
        "youtube" : "http://jackson.net"
    }
}
{ 
    "_id" : "LJxyzSjoYAbNFrHAF", 
    "country" : "6vsFMcebEwSQ5cxqs", 
    "name" : "Test", 
    "profile" : {
        "small" : true, 
        "town" : false, 
        "beach" : false, 
        "large" : false, 
        "campus" : false, 
        "bicycle" : false, 
        "sports" : false, 
        "snow" : false, 
        "sunny" : false, 
        "glamour" : false, 
        "outdoors" : false, 
        "academic" : false, 
        "countryside" : false, 
        "mountain" : false
    }
}
