{ 
    "_id" : "6vsFMcebEwSQ5cxqs", 
    "name" : "Brazil", 
    "profile" : {
        "currency" : "AFN", 
        "vaccines" : "If we bypass the program, we can get to the GB monitor through the cross-platform XML matrix!", 
        "visa" : false
    }
}
{ 
    "_id" : "rxMNZ4zBCiZG2bTjS", 
    "name" : "Canada", 
    "profile" : {
        "currency" : "CAD", 
        "vaccines" : "None", 
        "visa" : false
    }
}
{ 
    "_id" : "hq4K2nYFhw9EnjKoT", 
    "name" : "Poland", 
    "profile" : {
        "currency" : "PLN", 
        "vaccines" : "None", 
        "visa" : false
    }
}
