{ 
    "_id" : "fB3ezcijqec6L5Bzx", 
    "facilityName" : "adaptedForStudentsWithLearningDifficulty"
}
{ 
    "_id" : "ZgooF9SrtaB48JbNf", 
    "facilityName" : "afterClassSeminars"
}
{ 
    "_id" : "FWvLL7xM2E86n6gnu", 
    "facilityName" : "airConditioningInClassrooms"
}
{ 
    "_id" : "NLtppN2X3uvpp3phL", 
    "facilityName" : "computerLab"
}
{ 
    "_id" : "DtxB5XiF6tDHzi7X6", 
    "facilityName" : "culturalTrips"
}
{ 
    "_id" : "D87FBoMHRpzHqMQsi", 
    "facilityName" : "disabledToilet"
}
{ 
    "_id" : "6vJjnopyDRcW3T4b3", 
    "facilityName" : "vendingMachine"
}
{ 
    "_id" : "yQfjSJrFQ6HGuwhfj", 
    "facilityName" : "eatingArea"
}
{ 
    "_id" : "6iKGTNcD3iXKHatPm", 
    "facilityName" : "electronicWhiteboardInClassrooms"
}
{ 
    "_id" : "DBr39SxYGih9KHqPA", 
    "facilityName" : "freeCoffee"
}
{ 
    "_id" : "9pQH8GdjwAza8E4Bm", 
    "facilityName" : "freeWifi"
}
{ 
    "_id" : "TH4WuhJEy5nsR9MTn", 
    "facilityName" : "freeParking"
}
{ 
    "_id" : "k3tJmw9PCjuLMGJno", 
    "facilityName" : "freeWaterDispenser"
}
{ 
    "_id" : "CYFTJJfLCPFxYKMau", 
    "facilityName" : "fridgeForStudents"
}
{ 
    "_id" : "DGwY5G3kc4yySjtGf", 
    "facilityName" : "gamesRoom"
}
{ 
    "_id" : "YN2gfJ3EzxDQbkwoA", 
    "facilityName" : "heatingInClassrooms"
}
{ 
    "_id" : "GNFjh4GKAGBAWzrgC", 
    "facilityName" : "kitchenForStudents"
}
{ 
    "_id" : "8tEGKbc4KqXjezkty", 
    "facilityName" : "library"
}
{ 
    "_id" : "ixafh9AWeTn4yuPN9", 
    "facilityName" : "lounge"
}
{ 
    "_id" : "tyH6pErQbdx3399do", 
    "facilityName" : "microwaveForStudents"
}
{ 
    "_id" : "S5u73PCRFFfTFi92T", 
    "facilityName" : "microwaveForStudents"
}
{ 
    "_id" : "tBdRYS2GDxrvzHcvq", 
    "facilityName" : "movieRoom"
}
{ 
    "_id" : "TWWs4hLmC9gjzKkC4", 
    "facilityName" : "socialActivities"
}
{ 
    "_id" : "p7ocwshPf2cyihhXY", 
    "facilityName" : "sportsActivities"
}
{ 
    "_id" : "qqHXabPuohuTgLCCZ", 
    "facilityName" : "studyingArea"
}
{ 
    "_id" : "qgqW2apyWcuqEnD8E", 
    "facilityName" : "tvInClassrooms"
}
{ 
    "_id" : "TXbvEvB4oZYN9oGbL", 
    "facilityName" : "tvRoom"
}
{ 
    "_id" : "xFCzyq8rZa8XgFnGH", 
    "facilityName" : "videoGameConsole"
}
{ 
    "_id" : "XJteeTLnsRNXetaCz", 
    "facilityName" : "wheelchairAccess"
}
{ 
    "_id" : "s6ZZNug5GPX6HSr9a", 
    "facilityName" : "HouseParty"
}
