{ 
    "_id" : "qA9rJeB9Ny2GH2ahA", 
    "course" : "uX4cJEsE5bo4fDLfW", 
    "user" : "6pyKvofz2uYHKNTSj"
}
{ 
    "_id" : "esqFDuutEqpDiy7Z6", 
    "course" : "nqJFD4MiGGZ7ESDuh", 
    "user" : "6pyKvofz2uYHKNTSj"
}
{ 
    "_id" : "8qEWt9bvYcYZ7vKAJ", 
    "course" : "FbaEprfm2vdE5g3bY", 
    "user" : "6pyKvofz2uYHKNTSj"
}
{ 
    "_id" : "s5PmXCi5KMr3GKEJv", 
    "course" : "z6aGKJdEftwQAafoK", 
    "user" : "6pyKvofz2uYHKNTSj"
}
{ 
    "_id" : "QfATce4tzYa6Lu5T7", 
    "course" : "tPHpsYjAH77tPrtts", 
    "user" : "6pyKvofz2uYHKNTSj"
}
{ 
    "_id" : "DHHzbbACAFB8E6bwu", 
    "school" : "wJi9DKFiKcaX54u6D", 
    "user" : "6pyKvofz2uYHKNTSj"
}
