{ 
    "_id" : "64iuaMwAHjHpxoZxZ", 
    "courseName" : "Vacation English", 
    "subject" : "RnZEKgSLG4WYXnS3e", 
    "level_required" : "All", 
    "min_age" : NumberInt(16), 
    "max_age" : NumberInt(25), 
    "hours_week" : "40", 
    "lessons_week" : "5", 
    "min_duration" : NumberInt(2), 
    "max_duration" : NumberInt(21), 
    "classrooms_avalbl" : NumberInt(3), 
    "max_class_size" : NumberInt(12), 
    "morning" : true, 
    "afternoon" : true, 
    "night" : false, 
    "all_day" : true, 
    "course_desc" : "A very great course", 
    "start_dates" : ISODate("2018-01-16T21:00:00.000+0000"), 
    "fullpay_required" : true, 
    "government_insurance" : true, 
    "price_valid_date" : ISODate("2018-06-20T21:00:00.000+0000"), 
    "course_currency" : "$", 
    "course_commision" : NumberInt(2000), 
    "language" : "French", 
    "coursePrice" : [
        {
            "weekBeginNumber" : NumberInt(1), 
            "weekEndNumber" : NumberInt(2), 
            "minimumWeeks" : NumberInt(1), 
            "isInclusivePrice" : false, 
            "priceForWeek" : "400"
        }
    ]
}
{ 
    "_id" : "JrahEgJpQS2PEMGWy", 
    "courseName" : "Intensive English", 
    "subject" : "ZuYcdgR67uGhqZwGD", 
    "level_required" : "High school", 
    "min_age" : null, 
    "max_age" : null, 
    "min_duration" : NumberInt(2), 
    "max_duration" : null, 
    "classrooms_avalbl" : null, 
    "max_class_size" : null, 
    "morning" : false, 
    "afternoon" : false, 
    "night" : false, 
    "all_day" : false, 
    "start_dates" : null, 
    "fullpay_required" : false, 
    "government_insurance" : false, 
    "price_valid_date" : null, 
    "course_commision" : null, 
    "language" : "English"
}
{ 
    "_id" : "tPHpsYjAH77tPrtts", 
    "courseName" : "General Academic Year", 
    "subject" : "36Y7j4RGtSA5zgnqQ", 
    "min_age" : null, 
    "max_age" : null, 
    "min_duration" : NumberInt(32), 
    "max_duration" : NumberInt(32), 
    "classrooms_avalbl" : null, 
    "max_class_size" : null, 
    "morning" : true, 
    "afternoon" : false, 
    "night" : true, 
    "all_day" : false, 
    "start_dates" : null, 
    "fullpay_required" : true, 
    "government_insurance" : false, 
    "price_valid_date" : null, 
    "course_commision" : NumberInt(130), 
    "language" : "French", 
    "coursePrice" : [
        {
            "weekBeginNumber" : NumberInt(1), 
            "weekEndNumber" : NumberInt(2), 
            "minimumWeeks" : NumberInt(1), 
            "isInclusivePrice" : false, 
            "priceForWeek" : "250"
        }
    ], 
    "level_required" : "All"
}
{ 
    "_id" : "z6aGKJdEftwQAafoK", 
    "courseName" : "General Academic Semester (6 months)", 
    "subject" : "JvtgxaXT6gWrAPGWA", 
    "min_age" : null, 
    "max_age" : null, 
    "min_duration" : NumberInt(24), 
    "max_duration" : NumberInt(24), 
    "classrooms_avalbl" : null, 
    "max_class_size" : null, 
    "morning" : false, 
    "afternoon" : false, 
    "night" : false, 
    "all_day" : false, 
    "start_dates" : null, 
    "fullpay_required" : false, 
    "government_insurance" : false, 
    "price_valid_date" : null, 
    "course_commision" : null, 
    "language" : "English"
}
{ 
    "_id" : "8xDTKcPAirWFJkuoY", 
    "courseName" : "General English", 
    "subject" : "RnZEKgSLG4WYXnS3e", 
    "level_required" : "High school", 
    "min_age" : NumberInt(14), 
    "max_age" : NumberInt(30), 
    "min_duration" : NumberInt(2), 
    "max_duration" : NumberInt(52), 
    "classrooms_avalbl" : null, 
    "max_class_size" : null, 
    "morning" : false, 
    "afternoon" : false, 
    "night" : false, 
    "all_day" : false, 
    "start_dates" : null, 
    "fullpay_required" : false, 
    "government_insurance" : false, 
    "price_valid_date" : null, 
    "course_commision" : null, 
    "language" : "English", 
    "coursePrice" : [
        {
            "weekBeginNumber" : NumberInt(1), 
            "weekEndNumber" : NumberInt(2), 
            "minimumWeeks" : NumberInt(2), 
            "isInclusivePrice" : false, 
            "priceForWeek" : "450"
        }
    ]
}
{ 
    "_id" : "yxC4v94GsPqvdRAqA", 
    "courseName" : "General Academic Semester (5 months)", 
    "subject" : "JvtgxaXT6gWrAPGWA", 
    "min_age" : NumberInt(18), 
    "max_age" : NumberInt(54), 
    "min_duration" : NumberInt(20), 
    "max_duration" : NumberInt(25), 
    "classrooms_avalbl" : null, 
    "max_class_size" : null, 
    "morning" : false, 
    "afternoon" : false, 
    "night" : false, 
    "all_day" : false, 
    "start_dates" : null, 
    "fullpay_required" : false, 
    "government_insurance" : false, 
    "price_valid_date" : null, 
    "course_commision" : null, 
    "language" : "Portuguese", 
    "coursePrice" : [
        {
            "weekBeginNumber" : NumberInt(1), 
            "weekEndNumber" : NumberInt(2), 
            "minimumWeeks" : NumberInt(1), 
            "isInclusivePrice" : false, 
            "priceForWeek" : "100"
        }
    ], 
    "hours_week" : "25", 
    "lessons_week" : "3", 
    "level_required" : "First College Degree"
}
{ 
    "_id" : "PXiewq7C4tYvzzwEE", 
    "courseName" : "Intensive Academic Semester (6 months)", 
    "subject" : "JvtgxaXT6gWrAPGWA", 
    "min_age" : NumberInt(18), 
    "max_age" : NumberInt(30), 
    "min_duration" : NumberInt(24), 
    "max_duration" : NumberInt(24), 
    "classrooms_avalbl" : null, 
    "max_class_size" : null, 
    "morning" : false, 
    "afternoon" : false, 
    "night" : false, 
    "all_day" : false, 
    "start_dates" : null, 
    "fullpay_required" : false, 
    "government_insurance" : false, 
    "price_valid_date" : null, 
    "course_commision" : null, 
    "language" : "English", 
    "coursePrice" : [
        {
            "weekBeginNumber" : NumberInt(1), 
            "weekEndNumber" : NumberInt(2), 
            "minimumWeeks" : NumberInt(1), 
            "isInclusivePrice" : false, 
            "priceForWeek" : "40"
        }
    ], 
    "hours_week" : "40", 
    "lessons_week" : "5", 
    "level_required" : "All"
}
{ 
    "_id" : "tM2RwNGeM94gfiRg8", 
    "courseName" : "Intensive Academic Year", 
    "subject" : "36Y7j4RGtSA5zgnqQ", 
    "min_age" : NumberInt(18), 
    "max_age" : NumberInt(30), 
    "min_duration" : NumberInt(32), 
    "max_duration" : NumberInt(32), 
    "classrooms_avalbl" : null, 
    "max_class_size" : null, 
    "morning" : false, 
    "afternoon" : false, 
    "night" : false, 
    "all_day" : false, 
    "start_dates" : null, 
    "fullpay_required" : false, 
    "government_insurance" : false, 
    "price_valid_date" : null, 
    "course_commision" : null, 
    "language" : "English", 
    "coursePrice" : [
        {
            "weekBeginNumber" : NumberInt(1), 
            "weekEndNumber" : NumberInt(2), 
            "minimumWeeks" : NumberInt(1), 
            "isInclusivePrice" : false, 
            "priceForWeek" : "150"
        }
    ], 
    "hours_week" : "40", 
    "lessons_week" : "5", 
    "level_required" : "High School"
}
{ 
    "_id" : "CxNmymkSqgGPMvHNi", 
    "courseName" : "KEY (Kaplan English Year)", 
    "subject" : "36Y7j4RGtSA5zgnqQ", 
    "min_age" : NumberInt(16), 
    "max_age" : NumberInt(35), 
    "min_duration" : NumberInt(4), 
    "max_duration" : NumberInt(30), 
    "classrooms_avalbl" : null, 
    "max_class_size" : null, 
    "morning" : true, 
    "afternoon" : true, 
    "night" : true, 
    "all_day" : true, 
    "start_dates" : null, 
    "fullpay_required" : false, 
    "government_insurance" : false, 
    "price_valid_date" : null, 
    "course_commision" : null, 
    "language" : "French", 
    "coursePrice" : [
        {
            "weekBeginNumber" : NumberInt(1), 
            "weekEndNumber" : NumberInt(2), 
            "minimumWeeks" : NumberInt(1), 
            "isInclusivePrice" : false, 
            "priceForWeek" : "350"
        }
    ], 
    "hours_week" : "40", 
    "lessons_week" : "5", 
    "level_required" : "All"
}
