{ 
    "_id" : "wJi9DKFiKcaX54u6D", 
    "cityId" : "n3xLSwnw5QQGKai25", 
    "name" : "Massachusetts College", 
    "description" : "Premier IT college", 
    "profile" : {
        "currency" : "USD"
    }, 
    "accommodations" : [
        "K9nFMLoBcTshyjA4c"
    ], 
    "facilities" : [
        "6vJjnopyDRcW3T4b3", 
        "yQfjSJrFQ6HGuwhfj", 
        "ZgooF9SrtaB48JbNf", 
        "YN2gfJ3EzxDQbkwoA", 
        "DGwY5G3kc4yySjtGf", 
        "CYFTJJfLCPFxYKMau", 
        "TWWs4hLmC9gjzKkC4", 
        "tBdRYS2GDxrvzHcvq", 
        "qqHXabPuohuTgLCCZ", 
        "p7ocwshPf2cyihhXY"
    ], 
    "schoolCourses" : [
        {
            "course" : "64iuaMwAHjHpxoZxZ"
        }, 
        {
            "course" : "8xDTKcPAirWFJkuoY"
        }, 
        {
            "course" : "JrahEgJpQS2PEMGWy"
        }, 
        {
            "course" : "CxNmymkSqgGPMvHNi"
        }, 
        {
            "course" : "tPHpsYjAH77tPrtts"
        }, 
        {
            "course" : "tM2RwNGeM94gfiRg8"
        }, 
        {
            "course" : "z6aGKJdEftwQAafoK"
        }, 
        {
            "course" : "PXiewq7C4tYvzzwEE"
        }, 
        {
            "course" : "yxC4v94GsPqvdRAqA"
        }
    ], 
    "slug" : "massachusetts-college", 
    "city" : {
        "name" : "Sao Paulo", 
        "country" : "Brazil"
    }
}
{ 
    "_id" : "HKPADnT5QLndcAJrr", 
    "cityId" : "JRH7FonijK8eokwur", 
    "name" : "French International School", 
    "description" : "premier French school", 
    "profile" : {
        "currency" : "Francs"
    }, 
    "accommodations" : [
        "K9nFMLoBcTshyjA4c", 
        "cYN7M4b4u8qxEdf7o"
    ], 
    "facilities" : [
        "p7ocwshPf2cyihhXY", 
        "YN2gfJ3EzxDQbkwoA", 
        "DBr39SxYGih9KHqPA", 
        "9pQH8GdjwAza8E4Bm", 
        "TH4WuhJEy5nsR9MTn", 
        "k3tJmw9PCjuLMGJno"
    ], 
    "schoolCourses" : [

    ], 
    "slug" : "french-international-school", 
    "city" : {
        "name" : "Belo Horizonte", 
        "country" : "Brazil"
    }
}
