{ 
    "_id" : "RnZEKgSLG4WYXnS3e", 
    "subjectName" : "general"
}
{ 
    "_id" : "YrHr8defQ768yQh6Z", 
    "subjectName" : "highSchool"
}
{ 
    "_id" : "ZuYcdgR67uGhqZwGD", 
    "subjectName" : "intensive"
}
{ 
    "_id" : "Y7CLaSFm3dwBNfqcX", 
    "subjectName" : "junior"
}
{ 
    "_id" : "bJpy9zgQYQiMP4ySm", 
    "subjectName" : "languageCertification"
}
{ 
    "_id" : "w5qbvsTTbQPrhHm9m", 
    "subjectName" : "lastMinute"
}
{ 
    "_id" : "knsxaFZnHZeFjrEwY", 
    "subjectName" : "multiLocation"
}
{ 
    "_id" : "MEZxH7EFK57aiumzq", 
    "subjectName" : "oneToOne"
}
{ 
    "_id" : "3xa2zrPDzjDhnrKfH", 
    "subjectName" : "coursePlusProfession"
}
{ 
    "_id" : "Zaod987493s4T3pq5", 
    "subjectName" : "coursePlusSportCulture"
}
{ 
    "_id" : "PCTxFmM5d6582J6cE", 
    "subjectName" : "promotion"
}
{ 
    "_id" : "bqzvyJuYxFqXxJjmj", 
    "subjectName" : "semiIntensive"
}
{ 
    "_id" : "DsqKMvDquhpomNAWu", 
    "subjectName" : "senior"
}
{ 
    "_id" : "fxv9cYzno4qz2pWfy", 
    "subjectName" : "studyAndWork"
}
{ 
    "_id" : "RPGEzPuYgnzTiDxDx", 
    "subjectName" : "volunteer"
}
{ 
    "_id" : "g5FaTHfjpuXSKR3pi", 
    "subjectName" : "work"
}
{ 
    "_id" : "36Y7j4RGtSA5zgnqQ", 
    "subjectName" : "year"
}
{ 
    "_id" : "JvtgxaXT6gWrAPGWA", 
    "subjectName" : "semester"
}
{ 
    "_id" : "g89ch9aPCpvevxume", 
    "subjectName" : "certificate"
}
{ 
    "_id" : "mGK7wDQPbS5LGtMEz", 
    "subjectName" : "diploma"
}
{ 
    "_id" : "Qas4LeC8NDskfCbYz", 
    "subjectName" : "advancedDiploma"
}
{ 
    "_id" : "bRwRPLwS2yQYF86Yx", 
    "subjectName" : "degree"
}
{ 
    "_id" : "WMMbeq8hXxLCNEk6y", 
    "subjectName" : "graduateCertificate"
}
{ 
    "_id" : "cgfuo5xmDh7xLetz2", 
    "subjectName" : "Hourly"
}
