{ 
    "_id" : "6pyKvofz2uYHKNTSj", 
    "createdAt" : ISODate("2018-07-11T19:41:18.695+0000"), 
    "services" : {
        "password" : {
            "bcrypt" : "$2a$10$kuNJz4rEQ4hgH1/S9BmYEexrXI1lsEeG0gEr4TdYLOrwAkEHIBY2e"
        }, 
        "resume" : {
            "loginTokens" : [
                {
                    "when" : ISODate("2018-11-04T09:54:32.735+0000"), 
                    "hashedToken" : "FJ/o3wlJmey9eyFepyEB4/M/K1QxuYqsNOnkoS8OJ08="
                }, 
                {
                    "when" : ISODate("2018-11-04T09:59:35.245+0000"), 
                    "hashedToken" : "8Rv44/ONPJ0XWf52YYWCHtReb0BIxvIgDbEHzIR37rY="
                }, 
                {
                    "when" : ISODate("2018-12-04T21:55:43.667+0000"), 
                    "hashedToken" : "gO8R0xMeIqPXfJmTqgEVHUHkYtC1P4yK07B9N2HXL3o="
                }, 
                {
                    "when" : ISODate("2018-12-06T08:37:04.199+0000"), 
                    "hashedToken" : "z1N4+D2hPpbJ4cV1YflE5LSQ9y3C/KOh5rfwr22ghJ8="
                }, 
                {
                    "when" : ISODate("2018-12-06T08:39:07.993+0000"), 
                    "hashedToken" : "Gg4CXv8c/ISvrMpT4jAKyDdSkunuZn1o/fvNa+CEGsE="
                }, 
                {
                    "when" : ISODate("2018-12-06T08:55:15.478+0000"), 
                    "hashedToken" : "eHD7OLJr2S3dHs9xqi3PNVWr+gzif5+05f6FRCeBXPQ="
                }, 
                {
                    "when" : ISODate("2018-12-06T11:22:16.534+0000"), 
                    "hashedToken" : "Nub61o6LZjORx8TL6yndHUOrH9+7Sue5Qk2p9ivzzO4="
                }
            ]
        }
    }, 
    "emails" : [
        {
            "address" : "listaschool@gmail.com", 
            "verified" : false
        }
    ], 
    "profile" : {
        "firstName" : "Leonardo", 
        "lastName" : "Sona"
    }, 
    "roles" : {
        "__global_roles__" : [
            "admin"
        ]
    }
}
